id;start_date;end_date;language
1;2019-11-04T17:23:43;2019-11-04T14:01:02;ENGLISH
2;2019-11-05T11:25:15;2019-11-05T07:56:07;FRENCH
3;2019-11-05T12:09:01;2019-11-05T10:49:08;ENGLISH
4;2019-11-04T16:48:31;2019-11-04T20:43:37;FRENCH
5;2019-11-05T06:49:44;2019-11-05T06:19:16;GERMAN
6;2019-11-04T21:59:27;2019-11-04T14:36:22;ENGLISH
7;2019-11-05T02:55:20;2019-11-04T19:04:15;ENGLISH
8;2019-11-05T03:10:58;2019-11-05T10:01:15;ENGLISH
9;2019-11-04T16:16:29;2019-11-04T14:44:51;GERMAN
10;2019-11-04T19:03:53;2019-11-04T19:19:40;FRENCH
